Rank,Naturalness Score,Sequence
1,-60946.1484,mmrkksfwfgmltalmlvftmefsvsasaaqpgknvekdyivgfksgvktasikkdiikesggkvdkqfriinagkakldkealkevkndpdvayveedhvghglgqtvpygiplikadkvqaqgfkganvkvavldtgiqashpdlnvvggasfvageayntdgnghgthvagtvaalynttgvlgvapnvslfavkvlnssgngtysgivsgiewvttngmdvinmslggalgstamkqavdhayskgavvvasagnsgssgytntigypakcdsviavgavdsnsnrasfssvgaelevmapgagvystyptntyttlngtsmasphvagtsalilskhpnlsasqvrtrlsstatylgssfsygkglinveaaaq
2,-60946.1484,mmrkksfwfgmltalmlvftmefsvsasaaqpgknvekdyivgfksgvkttsikkdiikesggkvdkqfriinagkakldkealkevkndpdvayveedhvghglgqtvpygiplikadkvqaqgfkganvkvavldtgiqashpdlnvvggasfvageayntdgnghgthvagtvaalynttgvlgvapnvslfavkvlnssgngtysgivsgiewvttngmdvinmslggalgstamkqavdhayskgavvvasagnsgssgntntigypakcdsviavgavdsnsnrasfssvgaelevmapgagvystyptntyttlngtsmasphvagtsalilskhpnlsasqvrtrlsstatylgssfsygkglinveaaaq
3,-60946.1484,mmrkksfwfgmltalmlvftmefsvsasaaqpgknvekdyivgfksgvkttsikkdiikesggkvdkqfriinagkakldkealkevkndpdvayveedhvghglgqtvpygiplikadkvqaqgfkganvkvavldtgiqashpdlnvvggasfvageayntdgnghgthvagtvaaldnttgvlgvapnvslfavkvlnssgngtysgivsgiewvttngmdvinmslggalvstamkqavdhayskgavvvaaagnsgssgytntigypakcdsviavgavdsnsnrasfssvgaelevmapgasvystyptntyttlngtsmasphvagtaalilskhpnlsasqvrtrlsstatylgssfsygkglinveaaaq
4,-60946.1484,mmrkksfwfgmltalmlvftmefsvsasaaqpgknvekdyivgfksgvktasikkdiikesggkvdkqfriinagkakldkealkevkndpdvayveedhvghglgqtvpygiplikadkvqaqgfkganvkvavldtgiqashpdlnvvggasfvageayntdgnghgthvagtvaaldnttgvlgvapnvslfavkvlnssgngtysgivsgiewvttngmdvinmslggalvstamkqavdhayskgavvvaaagnsgssgytntigypakcdsviavgavdsnsnrasfssvgaelevmapgagvystyptntyttlngtsmasphvagaaalilskhpnlsasqvrtrlsstatylgssfsygkglinveaaaq
5,-60946.1484,mmrkksfwfgmltafmlvftmefsvsasaaqpgknveknyivgfksgvktasikkdiikesggkvdkqfriinagkakldkealkevkndpdvayveedhvghglgqtvpygiplikadkvqaqgfkganvkvavldtgiqashpdlnvvggasfvageayntdgnghgthvagtvaaldnttgvlgvapnvslfavkvlnssgngtysgivsgiewvttngmdvinmslggalvstamkqavdnayskgavvvasagnsgssgntntigypakcdsviavgavdsnsnrasfssvgaelevmapgasvystyptntyttlngtsmasphvagasalilskhpnlsasqvrtrlsrtatylgssfsygkglinveaaaq
6,-60946.1484,mmrkksfwfgmltafmlvftmefsvsasaaqpgknveknyivgfksgvktasikkdiikesggkvdkqfriinagkakldkealkevkndpdvayveedhvghgmgqtvpygiplikadkvqaqgfkganvkvavldtgiqashpdlnvvggasfvageayntdgnghgthvagtvaaldnttgvlgvapnvslfavkvlnssgngtysgivsgiewvttngmdvinmslggalvstamkqavdnayskgavvvaaagnsgssgntntigypakcdsviavgavdsnsnrasfssvgaelevmapgagvystyptntyttlngtsmasphvagtaalilskhpnlsasqvrtrlsstatylgssfsygkglinveaaaq
7,-60946.1484,mmrkksfwfgmltalmlvftmefsvsasaaqpgknveknyivgfksgvkttsikkdiikesggkvdkqfriinagkakldkealkevkndpdvayveedhvghglaqtvpygiplikadkvqaqgfkganvkvavldtgiqashpdlnvvggasfvageayntdgnghgthvagtvaaldnttgvlgvapnvslfavkvlnssgngtysgivsgiewvttngmdvinmslggasvstamkqavdnayskgavvvaaagnsgssgntntigypakcdsviavgavdsnsnrasfssvgaelevmapgagvystyptntyttlngtsmasphvagtaalilskhpnlsasqvrtrlsstatylgssfsygkglinveaaaq
8,-60946.1484,mmrkksfwfgmltafmlvftmefsvsasaaqpgknveknyivgfksgvkttsikkdiikesggkvdkqfriinagkakldkealkevkndpdvayveedhvghglaqtvpygiplikadkvqaqgfkganvkvavldtgiqashpdlnvvggasfvageayntdgnghgthvagtvaaldnttgvlgvapnvslfavkvlnssgngtysgivsgiewvttngmdvinmslggasgstamkqavdnayskgavvvaaagnsgssgytntigypakcdsviavgavdsnsnrasfssvgaelevmapgasvystyptntyttlngtsmasphvagtaalilskhpnlsasqvrtrlsstatylgssfsygkglinveaaaq
9,-60946.1484,mmrkksfwfgmltafmlvftmefsvsasaaqpgknveknyivgfksgvktasikkdiikesggkvdkqfriinagkakldkealkevkndpdvayveedhvahglgqtvpygiplikadkvqaqgfkganvkvavldtgiqashpdlnvvggasfvageayntdgnghgthvagtvaaldnttgvlgvapnvslfavkvlnssgngtysgivsgiewvttngmdvinmslggalvstamkqavdhayskgavvvaaagnsgssgntntigypakcdsviavgavdsnsnrasfssvgaelevmapgagvystyptntyttlngtsmasphvagtaalilskhpnlsasqvrtrlsstatylgssfsygkglinveaaaq
10,-60946.1484,mmrkksfwfgmltafmlvftmefsvsasaaqpgknveknyivgfksgvktasikkdiikesggkvdkqfriinagkakldkealkevkndpdvayveedhvahglgqtvpygiplikadkvqaqgfkganvkvavldtgiqashpdlnvvggasfvageayntdgnghgthvagtvaaldnttgvlgvapnvslfavkvlnssgngtysgivsgiewvttngmdvinmslggalgstamkqavdnayskgavvvaaagnsgssgytntigypakcdsviavgavdsnsnrasfssvgaelevmapgagvystyptntyttlngtsmasphvagtvalilskhpnlsasqvrtrlsstatylgssfsygkglinveaaaq
